Facultad,Carrera
Facultad de Ingeniería,Ingeniería en Informática
Facultad de Ingeniería,Licenciatura en Informática
Facultad de Ingeniería,Tecnicatura Universitaria en Mecatrónica
Facultad de Derecho, Abogacía
Facultad de Derecho, Procurador
Facultad de Psicología, Licenciatura en Psicología
Facultad de Psicología, Licenciatura en Psicopedagogía
Facultad de Psicología, Licenciatura en Psicopedagogía CCC
Facultad de Cs. Económicas, Contador Público
Facultad de Cs. Económicas, Licenciatura en Administración
Facultad de Arquitectura, Arquitectura
Facultad de Humanidades, Profesorado de Educación Física
Facultad de Humanidades, Licenciatura en Educación Física
Facultad de Humanidades, Licenciatura en Educación Física
Facultad de Humanidades, Licenciatura en Turismo
Facultad de Humanidades, Licenciatura en Gestión y Desarrollo Deportivo CCC
Facultad de Humanidades, Licenciatura en Educación y Nuevas Tecnologías CCC
Facultad de Humanidades, Licenciatura en Gestión y Evaluación Educativa CCC
Facultad de Humanidades, Tecnicatura Universitaria en Hotelería
Facultad de Humanidades, Tecnicatura Universitaria en Agencia de Viajes y Turismo
